{"name": {"0": "정호제", "1": "이성진", "2": "박수현"}, "time_complexity": {"0": 31.55, "1": 2565.18, "2": 15.459999999999997}, "space_complexity": {"0": 125.00000000000003, "1": 127.6, "2": 126.7}}