{"name": {"0": "박수현", "1": "이성진", "2": "정호제"}, "time_complexity": {"0": 1093.77, "1": 692.6000000000003, "2": 629.12}, "space_complexity": {"0": 264.3, "1": 81.9, "2": 81.60000000000001}}