{"name": {"0": "원숭이", "1": "침팬지"}, "time_complexity": {"0": 29.190000000000005, "1": 30.16}, "space_complexity": {"0": 206.40000000000006, "1": 206.20000000000005}}