{"name": {"0": "이성진", "1": "정호제", "2": "박수현"}, "time_complexity": {"0": 188.53999999999994, "1": 3330.4, "2": 3454.130000000001}, "space_complexity": {"0": 212.19999999999993, "1": 213.8000000000001, "2": 214.10000000000008}}