{"name": {"0": "정호제", "1": "이성진", "2": "박수현"}, "time_complexity": {"0": 82.19, "1": 49.120000000000005, "2": 49.919999999999995}, "space_complexity": {"0": 207.5, "1": 206.39999999999998, "2": 206.20000000000002}}