{"name": {"0": "박수현", "1": "정호제", "2": "이성진"}, "time_complexity": {"0": 0.17, "1": 0.26000000000000006, "2": 0.24000000000000007}, "space_complexity": {"0": 205.40000000000006, "1": 205.90000000000006, "2": 205.60000000000005}}