{"name": {"0": "박수현", "1": "정호제"}, "time_complexity": {"0": 22.26, "1": 43.220000000000006}, "space_complexity": {"0": 98.30000000000001, "1": 96.30000000000001}}