{"name": {"0": "정호제", "1": "박수현"}, "time_complexity": {"0": 1.07, "1": 341.65999999999997}, "space_complexity": {"0": 132.8, "1": 132.70000000000002}}