{"name": {"0": "정호제"}, "time_complexity": {"0": 0.29000000000000004}, "space_complexity": {"0": 113.50000000000001}}