{"name": {"0": "이성진", "1": "박수현", "2": "정호제"}, "time_complexity": {"0": 94.19, "1": 13153.24, "2": 113.61}, "space_complexity": {"0": 144.29999999999998, "1": 143.79999999999998, "2": 144.2}}