{"name": {"0": "박수현", "1": "이성진", "2": "정호제"}, "time_complexity": {"0": 326.41999999999996, "1": 199.84000000000003, "2": 283.55}, "space_complexity": {"0": 168.90000000000003, "1": 193.8, "2": 193.7}}