{"name": {"0": "정호제", "1": "이성진", "2": "박수현"}, "time_complexity": {"0": 113.65, "1": 180.35999999999999, "2": 147.94}, "space_complexity": {"0": 135.9, "1": 134.70000000000002, "2": 130.29999999999998}}