{"name": {"0": "이성진"}, "time_complexity": {"0": 188.53999999999994}, "space_complexity": {"0": 212.19999999999993}}