{"name": {"0": "천재", "1": "오랑우탄"}, "time_complexity": {"0": 150.4531818181818, "1": 154.57363636363635}, "space_complexity": {"0": 20.740909090909085, "1": 20.80454545454545}}