{"name": {"0": "박수현", "1": "이성진"}, "time_complexity": {"0": 0.19, "1": 0.12000000000000001}, "space_complexity": {"0": 62.099999999999994, "1": 62.3}}