{"name": {"0": "이성진"}, "time_complexity": {"0": 28.1796875}, "space_complexity": {"0": 23.246874999999996}}