{"name": {"0": "이성진", "1": "박수현", "2": "정호제"}, "time_complexity": {"0": 14.989999999999998, "1": 6.2700000000000005, "2": 4.689999999999995}, "space_complexity": {"0": 204.29999999999998, "1": 204.29999999999993, "2": 409.0999999999999}}