{"name": {"0": "이성진", "1": "박수현"}, "time_complexity": {"0": 2.72, "1": 0.21000000000000002}, "space_complexity": {"0": 112.6, "1": 112.80000000000001}}