{"name": {"0": "이성진", "1": "박수현", "2": "정호제"}, "time_complexity": {"0": 2.72, "1": 0.21000000000000002, "2": 2.01}, "space_complexity": {"0": 112.6, "1": 112.80000000000001, "2": 112.60000000000001}}