{"name": {"0": "박수현", "1": "정호제"}, "time_complexity": {"0": 1.5599999999999998, "1": 1.49}, "space_complexity": {"0": 133.7, "1": 133.29999999999998}}