{"name": {"0": "박수현", "1": "정호제"}, "time_complexity": {"0": 49.109999999999985, "1": 49.0}, "space_complexity": {"0": 205.09999999999997, "1": 205.19999999999996}}