{"name": {"0": "정호제", "1": "박수현", "2": "이성진"}, "time_complexity": {"0": 38.87, "1": 1.1400000000000001, "2": 0.9500000000000001}, "space_complexity": {"0": 327.2, "1": 164.0, "2": 163.7}}