{"name": {"0": "박수현", "1": "이성진"}, "time_complexity": {"0": 0.38000000000000017, "1": 0.26000000000000006}, "space_complexity": {"0": 285.8999999999999, "1": 285.5999999999999}}