{"name": {"0": "정호제", "1": "박수현", "2": "이성진"}, "time_complexity": {"0": 0.3100000000000001, "1": 0.38000000000000017, "2": 0.26000000000000006}, "space_complexity": {"0": 286.09999999999997, "1": 285.8999999999999, "2": 285.5999999999999}}