{"name": {"0": "박수현", "1": "이성진"}, "time_complexity": {"0": 0.7300000000000001, "1": 0.6900000000000001}, "space_complexity": {"0": 154.1, "1": 154.1}}