{"name": {"0": "정호제", "1": "박수현", "2": "이성진"}, "time_complexity": {"0": 0.5900000000000001, "1": 0.7300000000000001, "2": 0.6900000000000001}, "space_complexity": {"0": 154.0, "1": 154.1, "2": 154.1}}