{"name": {"0": "이성진", "1": "박수현", "2": "정호제"}, "time_complexity": {"0": 28.620000000000005, "1": 29.84, "2": 12.519999999999998}, "space_complexity": {"0": 147.2, "1": 143.9, "2": 144.2}}