{"name": {"0": "박수현", "1": "이성진"}, "time_complexity": {"0": 0.042692307692307696, "1": 0.20115384615384613}, "space_complexity": {"0": 10.280769230769234, "1": 10.246153846153845}}